faq_id,question,answer,source_policy_id
FAQ001,What is the minimum attendance requirement?,The minimum attendance requirement is 75 percent in each course.,POL001
FAQ002,Can a student with 70 percent attendance apply for condonation?,"A student with attendance from 65 percent to 74 percent may apply for condonation, subject to approval.",POL002
FAQ003,Is attendance below 65 percent eligible for condonation?,Students with attendance below 65 percent are not eligible for attendance condonation.,POL003
FAQ004,How much does internal assessment contribute?,Internal assessment contributes 40 marks.,POL007
FAQ005,How much does the end semester exam contribute?,The end semester examination contributes 60 marks.,POL008
FAQ006,Can students request revaluation?,Eligible students may submit revaluation requests within the announced period and procedure.,POL012
FAQ007,What is required for medical leave?,Medical leave requests require valid supporting medical documents and follow the approval process.,POL005
FAQ008,What happens to academic misconduct cases?,Academic misconduct is handled according to institutional disciplinary procedures.,POL017
FAQ009,Can students correct inaccurate records?,Students may request correction through the designated institutional process.,POL030
FAQ010,What is required for graduation?,"Students must satisfy prescribed academic, credit, and institutional requirements.",POL035
